{"lr": 4.6483177160282845e-05, "batch_size": 32, "epochs": 1, "weight_decay": 0.1531465472777864}